"category","subcategory","ID","Description","GeneRatio","BgRatio","RichFactor","FoldEnrichment","zScore","pvalue","p.adjust","qvalue","geneID","Count","likely_gene_overlap_artifact"
"Cellular Processes","Cell motility","hsa04820","Cytoskeleton in muscle cells","78/1448","233/9416",0.334763948497854,2.17689042752472,7.75428000468445,2.85804418604453e-12,1.00603155348767e-09,8.18041667332209e-10,"CSRP1/ITGA8/HSPG2/LMNB1/ACTC1/PDLIM7/LMOD1/ITGA7/ANK3/CAPZA1/FHL3/SGCG/TLN1/TPM1/COL5A1/MYOT/FHL2/COL6A3/FBLN1/SDC3/ANK2/ITGA5/SYNE3/NEBL/PDLIM2/FHL1/NID2/DSG2/CAPZB/ITGA6/TMOD3/PDLIM5/SPTAN1/TNNC2/BGN/ITGAV/COL6A2/ZYX/DSP/COL6A1/SNTA1/PKP2/MYH11/ATP1B2/LMNA/SGCA/COL4A2/COMP/MYOM1/ITGA4/LDB3/COL4A4/DSC2/COL4A1/ACTG2/THBS4/MYL9/DCN/FLNC/THBS2/SUN1/THBS1/CAPZA2/ACTB/ITGB8/COL1A2/DIAPH2/COL1A1/PDLIM3/ENO2/DES/DAAM1/MYOZ3/MYH9/ATP1A2/AMPD2/PDLIM4/TPM2",78,FALSE
"Human Diseases","Infectious disease: viral","hsa05165","Human papillomavirus infection","97/1448","333/9416",0.291291291291291,1.89419806546878,7.08208224607971,6.39797085096347e-11,1.12604286976957e-08,9.15627331449433e-09,"PIK3R1/HLA-B/LAMA4/APC/HLA-E/CCNE2/ITGA8/CHUK/CCNA2/CREB5/LAMB2/ATR/FZD4/FAS/MAGI1/NOTCH3/DLG1/BAX/MX1/ITGA7/UBE3A/PATJ/RBL2/TCF7L1/ATP6V1C1/KRAS/ISG15/ATP6V1D/TUBG2/WNT5A/BAD/VWF/CCND1/COL6A3/PIK3CA/PRKCI/ITGA5/ATP6V1F/TBK1/RPS6KB1/NOTCH4/ITGA6/PPP2R5C/PPP2R5E/PPP2R3C/ITGAV/COL6A2/RB1/SOS2/WNT4/CDK4/TADA3/HDAC2/COL6A1/RELA/RELN/HEY2/CREB3/EIF2AK2/CASP3/WNT2B/ATP6AP1/FZD5/CSNK1A1/TLR3/WNT6/ATP6V1A/COL4A2/COMP/HES1/DVL3/ITGA4/RBL1/COL4A4/COL4A1/THBS4/CCND2/LLGL2/TNXB/TNFRSF1A/THBS2/CREB1/THBS1/ITGB8/CDKN1A/CCND3/COL1A2/FZD2/COL1A1/AKT1/MX2/PDGFRB/FZD7/ATM/SOS1/MFNG/FZD6",97,TRUE
"Human Diseases","Cancer: overview","hsa05205","Proteoglycans in cancer","67/1448","204/9416",0.32843137254902,2.13571119055357,6.99078272740759,2.59221931052697e-10,3.04153732435164e-08,2.47318710376439e-08,"PIK3R1/HBEGF/HSPG2/FZD4/FAS/PLAU/HIF1A/CD44/ROCK1/MSN/ITPR1/TIMP3/ANK3/KRAS/RRAS/IQGAP1/EIF4B/WNT5A/CCND1/PIK3CA/ANK2/HSPB2/ITGA5/DDX5/PPP1R12B/RPS6KB1/HCLS1/CAMK2G/MAPK12/ITGAV/SOS2/WNT4/PPP1CB/ARHGEF12/MIR21/ITPR2/CASP3/WNT2B/FZD5/PPP1R12A/WNT6/CAV1/TGFB1/ERBB3/GPC3/PTPN11/KDR/DCN/PDCD4/MMP2/IGF2/EZR/THBS1/ACTB/CDKN1A/COL1A2/FZD2/COL1A1/AKT1/ERBB4/FZD7/FGFR1/SOS1/RDX/HGF/FLNA/FZD6",67,FALSE
"Cellular Processes","Cellular community - eukaryotes","hsa04510","Focal adhesion","65/1448","203/9416",0.320197044334975,2.08216531039926,6.64447806369727,1.56969832792224e-09,1.38133452857158e-07,1.12321447272587e-07,"PIK3R1/LAMA4/ITGA8/ACTN1/LAMB2/MYLK/PGF/ROCK1/ITGA7/PIP5K1B/TLN1/BAD/VWF/CCND1/COL6A3/PIK3CA/ITGA5/PPP1R12B/ILK/VEGFD/ITGA6/VEGFB/ITGAV/COL6A2/ZYX/CRK/SOS2/PPP1CB/PAK5/FYN/PARVB/COL6A1/RELN/MAPK8/ARHGAP5/PDGFB/PPP1R12A/CAV1/COL4A2/COMP/PDGFA/ITGA4/COL4A4/COL4A1/THBS4/MYL9/KDR/CCND2/TNXB/THBS2/FLT1/THBS1/ACTB/ITGB8/XIAP/CCND3/COL1A2/BIRC3/COL1A1/AKT1/PDGFRB/BIRC2/SOS1/HGF/FLNA",65,FALSE
"Environmental Information Processing","Signaling molecules and interaction","hsa04518","Integrin signaling","52/1448","154/9416",0.337662337662338,2.19573796369377,6.37769535641138,9.17661100150595e-09,6.46033414506019e-07,5.25313793312646e-07,"PIK3R1/LAMA4/ITGA8/ACTN1/C3/LAMB2/PGF/ITGA7/TLN1/VWF/CCND1/FERMT2/COL6A3/PIK3CA/ITGA5/ILK/VEGFD/ITGA6/VEGFB/ITGAV/COL6A2/PARVB/COL6A1/RELN/PDGFB/LIMS2/COL4A2/COMP/PDGFA/ITGA4/COL4A4/COL4A1/TGFB1/THBS4/KDR/CCND2/TNXB/ICAM1/THBS2/FLT1/THBS1/ACTB/ICAM2/ITGB8/CCND3/COL1A2/COL1A1/AKT1/PDGFRB/HGF/FLNA/LIMS1",52,FALSE
"Human Diseases","Infectious disease: viral","hsa05166","Human T-cell leukemia virus 1 infection","65/1448","224/9416",0.290178571428571,1.88696231254933,5.7272210887574,1.13768582874243e-07,6.67442352862227e-06,5.42722197222056e-06,"PIK3R1/EGR2/HLA-B/ADCY3/HLA-E/CCNE2/PPP3R1/CHUK/CCNA2/CREB5/ATR/ADCY7/HLA-DRB1/DLG1/BAX/MAD2L1/XPO1/KRAS/MAP3K1/IL1R1/GPS2/TLN1/HLA-DRB3/CCND1/MSX1/PIK3CA/HLA-DRB5/HLA-DRA/FOS/E2F3/SRF/HLA-DPB1/KAT5/RB1/CDK4/CRTC3/RELA/HLA-DRB4/EGR1/MAPK8/HLA-DQB1/TGFB3/CREB3/IL6/CD40/TGFB1/KAT2B/BUB3/MAD1L1/CCND2/STAT5B/ATF2/IL15/NFATC1/TNFRSF1A/ICAM1/CREB1/ADCY9/ZFP36/HLA-DPA1/CDKN1A/XIAP/CCND3/AKT1/ATM",65,TRUE
"Cellular Processes","Cell growth and death","hsa04110","Cell cycle","50/1448","158/9416",0.316455696202532,2.05783621232254,5.71620987090612,1.83752934899665e-07,9.24014758352602e-06,7.513507612578e-06,"CDC7/CCNE2/YWHAB/CCNA2/FBXO5/ATR/E2F5/ABL1/STAG2/ORC6/TRIP13/MAD2L1/RBL2/SMC3/CCND1/ORC3/CDC14A/GADD45G/GADD45B/PPP2R5C/E2F3/YWHAZ/PPP2R5E/PCNA/RB1/NIPBL/CDK4/HDAC2/DBF4/ORC2/TGFB3/CDKN1C/CDC14B/PDS5A/TTK/RBL1/ORC4/TGFB1/BUB3/MAD1L1/CCND2/CDK7/CDK1/WAPL/CDKN1A/CCND3/RAD21/ATM/WEE1/ATRX",50,FALSE
"Human Diseases","Cardiovascular disease","hsa05418","Fluid shear stress and atherosclerosis","45/1448","142/9416",0.316901408450704,2.06073457318497,5.4292161353622,7.16761299188535e-07,3.15374971642955e-05,2.56443117259356e-05,"PIK3R1/BMP4/CHUK/MAPK7/PLAT/SUMO1/CDH5/HSP90AA1/IL1A/TXN/HSP90B1/IL1R1/PIK3CA/MAP3K7/GSTM2/GSTM3/GSTM5/NFE2L2/FOS/CALM2/MAPK12/GSTM1/ITGAV/GSTM4/NCF1/NOS3/RELA/MAPK8/PDGFB/CAV1/CALM3/PDGFA/MAP2K6/MEF2C/KLF2/KDR/BMPR1A/MMP2/TNFRSF1A/ICAM1/ACTB/DUSP1/THBD/PECAM1/AKT1",45,FALSE
"Environmental Information Processing","Signaling molecules and interaction","hsa04514","Cell adhesion molecule (CAM) interaction","48/1448","160/9416",0.3,1.95082872928177,5.17095066426204,1.83079425310873e-06,7.16043974549193e-05,5.8224198315921e-05,"HLA-B/HLA-E/ITGA8/CD34/CDH5/NRXN3/JAM3/HLA-DRB1/SELP/CNTNAP1/OCLN/NCAM1/CLDN8/HLA-DRB3/CLDN5/NRXN2/JAM2/SDC3/NFASC/CD22/CDH3/CLDN7/HLA-DRB5/SELL/HLA-DRA/ITGA6/ALCAM/SLITRK3/ITGAV/HLA-DPB1/CADM3/PTPRF/SIGLEC1/MPZ/HLA-DRB4/HLA-DQB1/PTPRC/CD40/ITGA4/CXADR/CD58/ICAM1/HLA-DPA1/L1CAM/NLGN4X/ICAM2/ITGB8/PECAM1",48,FALSE
"Human Diseases","Endocrine and metabolic disease","hsa04933","AGE-RAGE signaling pathway in diabetic complications","34/1448","101/9416",0.336633663366337,2.18904873912806,5.12139996763587,3.62297657925017e-06,0.000120061866650066,9.76267685013929e-05,"PIK3R1/AGTR1/IL1A/BAX/KRAS/CCND1/PIK3CA/VEGFD/VEGFB/MAPK12/CDK4/PLCB1/NOS3/RELA/EGR1/MAPK8/TGFB3/CASP3/AGT/IL6/PLCB4/COL4A2/SERPINE1/COL4A4/COL4A1/TGFB1/STAT5B/MMP2/NFATC1/ICAM1/THBD/COL1A2/COL1A1/AKT1",34,FALSE
"Environmental Information Processing","Signal transduction","hsa04010","MAPK signaling pathway","76/1448","300/9416",0.253333333333333,1.6473664825046,4.85767504785135,3.76978437164636e-06,0.000120061866650066,9.76267685013929e-05,"FGF9/CSF1/ECSIT/PPP3R1/CSF1R/CHUK/MAPK7/CACNA1H/FAS/NGFR/RASA1/IL1A/PGF/JUND/PPM1A/KRAS/MAP3K1/RRAS/IL1R1/NR4A1/MECOM/MAP3K6/MAP3K11/MAP3K7/CACNA1C/DUSP4/GADD45G/VEGFD/GADD45B/VEGFB/ANGPT2/FOS/CACNA1A/SRF/MAPK12/LAMTOR3/CRK/SOS2/NLK/TEK/PLA2G4A/RELA/MAPK8/TGFB3/CASP3/PDGFB/PDGFA/MAP2K6/RAPGEF2/MEF2C/MAP4K3/TGFB1/ERBB3/PPM1B/KDR/CACNA2D2/FLT3LG/ATF2/NTRK2/NFATC1/IGF2/TNFRSF1A/FLT1/DUSP5/RPS6KA5/NGF/DUSP1/CACNB3/AKT1/PDGFRB/ERBB4/DUSP2/FGFR1/SOS1/HGF/FLNA",76,FALSE
"Environmental Information Processing","Signal transduction","hsa04151","PI3K-Akt signaling pathway","88/1448","362/9416",0.243093922651934,1.58078202741064,4.80360169089407,4.09301818125227e-06,0.000120061866650066,9.76267685013929e-05,"FGF9/PIK3R1/LAMA4/CSF1/CCNE2/SGK3/ITGA8/CSF1R/CHUK/YWHAB/IL4R/CREB5/LAMB2/NGFR/MAGI1/HSP90AA1/PGF/ITGA7/GNG7/RBL2/KRAS/HSP90B1/NR4A1/EIF4B/C8orf44-SGK3/BAD/VWF/CCND1/COL6A3/PIK3CA/ITGA5/GHR/VEGFD/BRCA1/RPS6KB1/ITGA6/VEGFB/PPP2R5C/ANGPT2/YWHAZ/PPP2R5E/PPP2R3C/ITGAV/COL6A2/SOS2/CDK4/TEK/NOS3/COL6A1/RELA/RELN/CREB3/PDGFB/IL6/COL4A2/COMP/PDGFA/ITGA4/EIF4E/COL4A4/COL4A1/THBS4/ERBB3/KDR/CCND2/FLT3LG/ATF2/NTRK2/IL7/IGF2/TNXB/THBS2/CREB1/FLT1/THBS1/NGF/ITGB8/CDKN1A/CCND3/COL1A2/COL1A1/AKT1/PDGFRB/ERBB4/FGFR1/SOS1/HGF/PKN2",88,FALSE
"Human Diseases","Infectious disease: viral","hsa05169","Epstein-Barr virus infection","56/1448","205/9416",0.273170731707317,1.77636437137852,4.79080965880033,6.70730640966825e-06,0.00017387967660103,0.000141388031089857,"PIK3R1/HLA-B/HLA-E/CXCL10/CCNE2/CHUK/CCNA2/FAS/PDIA3/CD44/HLA-DRB1/BAX/ISG15/HLA-DRB3/CCND1/PIK3CA/MAP3K7/HLA-DRB5/GADD45G/TAP2/GADD45B/HLA-DRA/TBK1/E2F3/MAPK12/PSMD14/HLA-DPB1/RB1/CDK4/TNFAIP3/HDAC2/RELA/HLA-DRB4/CIRSR/MAPK8/HLA-DQB1/EIF2AK2/CASP3/IL6/CD40/HES1/MAP2K6/CCND2/CD58/ICAM1/ENTPD1/HLA-DPA1/PSMC6/RIGI/CDKN1A/CCND3/OAS1/AKT1/PSMD12/BLNK/CYCS",56,TRUE
"Genetic Information Processing","Translation","hsa03013","Nucleocytoplasmic transport","35/1448","108/9416",0.324074074074074,2.1073767137303,4.93399673339657,6.91566895572278e-06,0.00017387967660103,0.000141388031089857,"TNPO3/NUP153/THOC7/TNPO1/SUMO1/XPOT/NUP107/NUP42/NUP58/XPO1/NUP54/THOC1/THOC2/NUP88/UPF2/IPO7/KPNA2/KPNA3/KPNA1/PNN/RANBP2/MAGOH/MAGOHB/UPF3A/XPO7/UPF3B/NUP50/RANBP17/TPR/NUP210/CSE1L/KPNB1/NDC1/NUP160/NXT2",35,FALSE
"Environmental Information Processing","Signal transduction","hsa04668","TNF signaling pathway","37/1448","119/9416",0.310924369747899,2.0218673104601,4.78207465631124,1.11548827943349e-05,0.000261767916240392,0.000212853227031504,"PIK3R1/CSF1/CXCL10/CHUK/CREB5/FAS/PIK3CA/MAP3K7/DNM1L/VEGFD/FOS/CX3CL1/MAPK12/TNFAIP3/IL18R1/RELA/MAPK8/CREB3/CASP3/IL6/MAP2K6/NOD2/JUNB/ITCH/ATF2/IL15/TNFRSF1B/TNFRSF1A/ICAM1/CREB1/RPS6KA5/SOCS3/XIAP/BIRC3/AKT1/BIRC2/RHBDF1",37,FALSE
"Cellular Processes","Cell growth and death","hsa04218","Cellular senescence","45/1448","157/9416",0.286624203821656,1.86384910440933,4.6529185679487,1.42207928192777e-05,0.00031285744202411,0.000254396020307159,"PIK3R1/HLA-B/HLA-E/CCNE2/PPP3R1/CCNA2/ATR/E2F5/IL1A/ITPR1/RBL2/KRAS/RRAS/CCND1/PIK3CA/TRAF3IP2/GADD45G/MRE11/GADD45B/E2F3/CALM2/MAPK12/NBN/RB1/RAD50/PPP1CB/CDK4/PPID/ITPR2/RELA/TGFB3/IL6/CALM3/MAP2K6/SERPINE1/RBL1/TGFB1/CCND2/NFATC1/SIRT1/CDK1/CDKN1A/CCND3/AKT1/ATM",45,FALSE
"Human Diseases","Cancer: specific types","hsa05220","Chronic myeloid leukemia","27/1448","77/9416",0.350649350649351,2.28018942383583,4.80827380358473,1.54114935416357e-05,0.000319108572156221,0.000259479046677708,"PIK3R1/CHUK/ABL1/BAX/KRAS/MECOM/BAD/CCND1/PIK3CA/CTBP2/GADD45G/GADD45B/E2F3/CRK/RB1/SOS2/CDK4/HDAC2/RELA/TGFB3/TGFB1/PTPN11/STAT5B/CDKN1A/GAB2/AKT1/SOS1",27,FALSE
"Cellular Processes","Transport and catabolism","hsa04148","Efferocytosis","44/1448","157/9416",0.280254777070064,1.82243023542246,4.42982564166242,3.24272121531105e-05,0.000634132148771939,0.000515636431573127,"CD24/HIF1A/RAB5A/ELMO1/C1QA/S1PR1/GULP1/STAB1/C1QB/SPHK1/ANO3/DUSP4/PLA2G15/PROS1/CDC50A/CAMK2G/ADAM9/CX3CL1/MAPK12/ITGAV/CRK/TYRO3/CASP3/ADAM10/ATP2A3/ATP11B/CH25H/SIRPA/TGFB1/PTPN11/AXL/NFATC1/STAB2/PBX1/CREB1/CDC50B/SIRT1/DUSP5/THBS1/LRP1/PECAM1/GAS6/DUSP2/ATP11A",44,FALSE
"Human Diseases","Infectious disease: viral","hsa05161","Hepatitis B","45/1448","163/9416",0.276073619631902,1.79524116191574,4.36587354732313,3.97558229027935e-05,0.000736528929567543,0.000598899061856535,"PIK3R1/EGR2/EGR3/CCNE2/CHUK/YWHAB/CCNA2/CREB5/HSPG2/FAS/BAX/KRAS/DDX3X/MAP3K1/BAD/PIK3CA/MAP3K7/TBK1/FOS/E2F3/YWHAZ/MAPK12/PCNA/RB1/SOS2/RELA/MAPK8/TGFB3/CREB3/CASP3/ATP6AP1/IL6/TLR3/MAP2K6/TGFB1/STAT5B/ATF2/NFATC1/CREB1/IFIH1/RIGI/CDKN1A/AKT1/SOS1/CYCS",45,TRUE
"Human Diseases","Infectious disease: bacterial","hsa05130","Pathogenic Escherichia coli infection","52/1448","200/9416",0.26,1.6907182320442,4.20885985375272,6.08382161071312e-05,0.00107075260348551,0.000870668759860446,"ABCF2-H2BK1/TUBB2B/ABI1/CHUK/FAS/CASP4/ABL1/PYCARD/TLR5/ROCK1/BAX/OCLN/CLDN8/IL1R1/ARPC4/ARPC3/ABCF2/CLDN5/MYO1D/MYO6/MAP3K7/CLDN7/NCK1/ACTR3/HCLS1/FOS/TUBB6/MAPK12/CYTH2/FYN/ARHGEF12/RELA/MAPK8/SEC24A/CASP3/MYH11/IL6/WASF2/NCKAP1/SEC24B/PTPN11/SEC24D/MYO5C/TNFRSF1A/EZR/RAB1A/ACTB/ACTR2/NAIP/MYH9/CYCS/MYO10",52,TRUE
"Human Diseases","Cardiovascular disease","hsa05416","Viral myocarditis","24/1448","70/9416",0.342857142857143,2.22951854775059,4.40140159688167,6.84843568539347e-05,0.00114792826726595,0.000933423162003755,"HLA-B/HLA-E/ABL1/HLA-DRB1/SGCG/HLA-DRB3/CCND1/EIF4G3/HLA-DRB5/HLA-DRA/HLA-DPB1/FYN/HLA-DRB4/SNTA1/HLA-DQB1/CASP3/CD40/CAV1/SGCA/CXADR/ICAM1/HLA-DPA1/ACTB/CYCS",24,FALSE
"Human Diseases","Drug resistance: antineoplastic","hsa01524","Platinum drug resistance","25/1448","75/9416",0.333333333333333,2.16758747697974,4.32756056228478,8.25103598715289e-05,0.00132016575794446,0.00107347587065221,"PIK3R1/FAS/TOP2B/BAX/BAD/ERCC1/PIK3CA/ATP7B/MSH2/GSTM2/REV3L/BRCA1/GSTM3/GSTM5/GSTM1/GSTM4/CASP3/TOP2A/CDKN1A/XIAP/BIRC3/AKT1/BIRC2/ATM/CYCS",25,FALSE
"Environmental Information Processing","Signaling molecules and interaction","hsa04512","ECM-receptor interaction","28/1448","89/9416",0.314606741573034,2.04581289962133,4.22569151783739,0.000100876983259145,0.00154385643944431,0.00125536708214199,"HMMR/LAMA4/ITGA8/HSPG2/LAMB2/CD44/ITGA7/VWF/COL6A3/ITGA5/ITGA6/ITGAV/COL6A2/COL6A1/RELN/COL4A2/COMP/ITGA4/COL4A4/COL4A1/THBS4/SV2A/TNXB/THBS2/THBS1/ITGB8/COL1A2/COL1A1",28,FALSE
"Human Diseases","Endocrine and metabolic disease","hsa04934","Cushing syndrome","42/1448","155/9416",0.270967741935484,1.7620388522545,4.07787399062053,0.000112740189484405,0.0016535227791046,0.00134454086107061,"ADCY3/APC/CCNE2/GNAI3/CREB5/CACNA1H/FZD4/ADCY7/AGTR1/ITPR1/TCF7L1/SCARB1/NR4A1/WNT5A/CCND1/CACNA1C/KMT2A/CAMK2G/E2F3/RB1/WNT4/CDK4/PLCB1/ITPR2/CREB3/WNT2B/AGT/FZD5/WNT6/PLCB4/AIP/DVL3/ATF2/PDE8A/PBX1/CREB1/ADCY9/CDKN1A/FZD2/KCNK3/FZD7/FZD6",42,FALSE
"Human Diseases","Infectious disease: viral","hsa05168","Herpes simplex virus 1 infection","47/1448","180/9416",0.261111111111111,1.69794352363413,4.03027195536229,0.000121087003914688,0.0017049050151188,0.00138632166791965,"PIK3R1/HLA-B/SRSF1/HLA-E/CHUK/C3/SRSF3/FAS/SRSF6/PDIA3/HLA-DRB1/BAX/HLA-DRB3/BAD/PIK3CA/MAP3K7/ITGA5/HLA-DRB5/SRPK1/SRSF5/TAP2/HLA-DRA/TBK1/CFP/HLA-DPB1/PPP1CB/RELA/HLA-DRB4/HLA-DQB1/EIF2AK2/CASP3/IL6/TLR3/PTPN11/TNFRSF1A/HLA-DPA1/IFIH1/SOCS3/PML/RIGI/OAS1/SRSF7/BIRC3/AKT1/CD74/BIRC2/CYCS",47,TRUE
"Human Diseases","Infectious disease: bacterial","hsa05132","Salmonella infection","60/1448","248/9416",0.241935483870968,1.57324897522723,3.89988324727584,0.00015880366786278,0.00214995734952687,0.001748210271142,"GCC2/TUBB2B/ABI1/CHUK/CASP4/HSP90AA1/PIK3C2A/PYCARD/TLR5/BAX/AHNAK/RAB5A/PIK3C2B/ELMO1/TXN/KIF5B/TCF7L1/HSP90B1/RRAS/ACTR1A/ARPC4/ARPC3/MYO6/PIK3CA/MAP3K7/ACTR3/RHOB/DYNC1I1/FOS/KPNA3/TUBB6/KPNA1/MAPK12/RIPK2/CYTH2/DYNLT3/RELA/DYNC2LI1/MAPK8/CASP3/PTPRC/IL6/MAP2K6/NCKAP1/AHNAK2/MYL9/RALA/RHOG/TNFRSF1A/DCTN1/CSE1L/ACTB/ACTR2/BIRC3/AKT1/LY96/BIRC2/NAIP/FLNA/CYCS",60,TRUE
"Organismal Systems","Development and regeneration","hsa04380","Osteoclast differentiation","38/1448","142/9416",0.267605633802817,1.74017586180064,3.78848284338226,0.000308554195357771,0.00402263247281242,0.00327095205286171,"PIK3R1/SOCS1/CSF1/PPP3R1/CSF1R/CHUK/FCGR2C/IL1A/ITPR1/JUND/IL1R1/FHL2/PIK3CA/MAP3K7/FOSL2/FCGR2B/FOS/MAPK12/NCF1/CTSK/FYN/ITPR2/NCF4/RELA/MAPK8/ATP2A3/MAP2K6/SIRPA/JUNB/TGFB1/NFATC1/TNFRSF1A/CREB1/SOCS3/GAB2/AKT1/BLNK/FOSB",38,FALSE
"Human Diseases","Infectious disease: viral","hsa05164","Influenza A","44/1448","173/9416",0.254335260115607,1.65388177434292,3.70028851619612,0.00036875443790921,0.00463577007657293,0.00376951703916407,"PIK3R1/CXCL10/CHUK/FAS/PYCARD/IL1A/HLA-DRB1/TPSAB1/BAX/MX1/XPO1/DNAJC3/HLA-DRB3/PIK3CA/HLA-DRB5/HLA-DRA/TBK1/KPNA2/KPNA1/HLA-DPB1/CDK4/RELA/HLA-DRB4/HLA-DQB1/EIF2AK2/CASP3/IL6/TLR3/TPSB2/TNFRSF1A/ICAM1/HLA-DPA1/IFIH1/SOCS3/PML/ACTB/RIGI/CCND3/OAS1/AKT1/MX2/RAB11A/NXT2/CYCS",44,TRUE
"Organismal Systems","Endocrine system","hsa04921","Oxytocin signaling pathway","40/1448","154/9416",0.25974025974026,1.68902920284136,3.67506801725883,0.000423617350774469,0.0051418381887108,0.00418101984024594,"ADCY3/GUCY1A2/PPP3R1/MAPK7/GNAI3/ADCY7/MYLK/ROCK1/ITPR1/KRAS/CCND1/KCNJ2/CACNA1C/PPP1R12B/RGS2/CAMK2G/FOS/CALM2/PPP1CB/PLCB1/PLA2G4A/NOS3/ITPR2/PRKAB2/PPP1R12A/CALM3/PLCB4/CAMK1/MEF2C/MYL9/CACNA2D2/NPR2/OXTR/NFATC1/CAMK1G/ADCY9/ACTB/CDKN1A/CACNB3/MYL6B",40,FALSE
"Human Diseases","Cancer: specific types","hsa05225","Hepatocellular carcinoma","43/1448","170/9416",0.252941176470588,1.64481637959051,3.61662397866886,0.000484824903584376,0.00568861220205668,0.00462562212332619,"PIK3R1/APC/FZD4/SMARCA2/FRAT1/BAX/TCF7L1/KRAS/WNT5A/BAD/CCND1/PIK3CA/GADD45G/GSTM2/GADD45B/GSTM3/RPS6KB1/GSTM5/NFE2L2/E2F3/GSTM1/GSTM4/RB1/SOS2/WNT4/CDK4/TGFB3/WNT2B/FZD5/CSNK1A1/WNT6/DVL3/TGFB1/SMARCD3/IGF2/ACTB/CDKN1A/FZD2/AKT1/FZD7/SOS1/HGF/FZD6",43,FALSE
"Human Diseases","Cancer: specific types","hsa05222","Small cell lung cancer","27/1448","93/9416",0.290322580645161,1.88789877027268,3.66814814431023,0.000568625313316952,0.00629705738759655,0.00512037152987688,"PIK3R1/LAMA4/CCNE2/CHUK/LAMB2/BAX/CCND1/PIK3CA/GADD45G/GADD45B/ITGA6/E2F3/ITGAV/RB1/CDK4/RELA/CKS2/CASP3/COL4A2/COL4A4/COL4A1/CDKN1A/XIAP/BIRC3/AKT1/BIRC2/CYCS",27,FALSE
"Human Diseases","Infectious disease: parasitic","hsa05145","Toxoplasmosis","31/1448","112/9416",0.276785714285714,1.79987174427782,3.63006412029924,0.00057513774913168,0.00629705738759655,0.00512037152987688,"LAMA4/SOCS1/CHUK/GNAI3/LAMB2/HLA-DRB1/HLA-DRB3/BAD/MAP3K7/HLA-DRB5/HLA-DRA/ITGA6/MAPK12/HLA-DPB1/RELA/HLA-DRB4/MAPK8/HLA-DQB1/TGFB3/CASP3/CD40/MAP2K6/TGFB1/TNFRSF1A/HLA-DPA1/XIAP/BIRC3/AKT1/LY96/BIRC2/CYCS",31,TRUE
"Organismal Systems","Endocrine system","hsa04925","Aldosterone synthesis and secretion","28/1448","98/9416",0.285714285714286,1.85793212312549,3.63935477868413,0.0006017688149855,0.00629705738759655,0.00512037152987688,"ADCY3/CREB5/CACNA1H/ADCY7/AGTR1/ITPR1/SCARB1/NR4A1/CACNA1C/ATP2B1/CAMK2G/CALM2/PDE2A/PLCB1/ITPR2/CREB3/AGT/ATP1B2/PRKD3/CALM3/PLCB4/CAMK1/ATF2/CAMK1G/CREB1/ADCY9/KCNK3/ATP1A2",28,FALSE
"Organismal Systems","Endocrine system","hsa04919","Thyroid hormone signaling pathway","33/1448","122/9416",0.270491803278689,1.75894393623766,3.59673181984575,0.000608238497665576,0.00629705738759655,0.00512037152987688,"PIK3R1/BMP4/NOTCH3/HIF1A/MED13L/THRA/KRAS/MED14/BAD/CCND1/NCOA2/PIK3CA/SLC16A2/PLN/MED4/MED13/NOTCH4/ITGAV/PFKM/WNT4/PLCB1/HDAC2/NCOA3/MED1/ATP2A3/ATP1B2/PLCB4/MED24/KAT2B/RCAN2/ACTB/AKT1/ATP1A2",33,FALSE
"Environmental Information Processing","Signaling molecules and interaction","hsa04517","IgSF CAM signaling","67/1448","299/9416",0.224080267558528,1.45714074539441,3.42435932074241,0.000700422605162401,0.00704425020049044,0.00572794179182278,"PIK3R1/APP/TUBB2B/ACTN1/SORBS1/MAGI1/RASA1/MYLK/ABL1/JAM3/MSN/CNTNAP1/ANK3/PRKCQ/NCAM1/IQGAP1/ARPC4/CASKIN2/SLIT2/ARPC3/JAM2/PIK3CA/NFASC/ANK2/PRKCI/ITGA5/NCK1/SSX2IP/ROBO3/ACTR3/SPTAN1/TUBB6/NRP2/MAPK12/SLITRK3/CADM3/PAK5/FYN/PTPRF/INPP5D/MPZ/CD2AP/MAPK8/MYH11/ITGA4/RAPGEF2/CXADR/MYL9/PTPN11/KDR/PMP22/ICAM1/EZR/L1CAM/MBP/NLGN4X/ACTB/ICAM2/ACTR2/CD209/AKT1/FGFR1/RDX/MYH9/MYL6B/SLIT3/EPB41L1",67,FALSE
"Human Diseases","Cancer: specific types","hsa05224","Breast cancer","38/1448","148/9416",0.256756756756757,1.66962819172764,3.5001878662986,0.000741237208468541,0.00724765270502573,0.00589333593216835,"FGF9/PIK3R1/APC/FZD4/NOTCH3/FRAT1/BAX/TCF7L1/KRAS/WNT5A/CCND1/PIK3CA/GADD45G/GADD45B/BRCA1/RPS6KB1/NOTCH4/FOS/E2F3/RB1/SOS2/WNT4/CDK4/NCOA3/HEY2/WNT2B/FZD5/CSNK1A1/WNT6/HES1/DVL3/CDKN1A/FZD2/AKT1/FZD7/FGFR1/SOS1/FZD6",38,FALSE
"Environmental Information Processing","Signaling molecules and interaction","hsa04519","Cadherin signaling","86/1448","404/9416",0.212871287128713,1.38425140856627,3.36523455432307,0.000761827331266382,0.00724765461096666,0.00589333748195979,"PCDH12/APC/PCDHGA7/CELSR1/CHUK/PCDHGA6/ERBIN/YWHAB/ACTN1/PCDHGA5/FZD4/CDH5/ROCK1/PCDHGB7/DCHS1/PCDHGB2/TCF7L1/KRAS/RRAS/ARPC4/WNT5A/PCDHGB4/ARPC3/MYO1D/CDH3/PCDHGC3/PCDH8/WWC1/CDH12/PCDHGC5/PCDHGB1/PCDHGB3/DSG2/MOB1A/PCDHGB5/ACTR3/PCDHGA8/YWHAZ/MAPK12/PCDH7/PCDHGA9/PCDHGA4/PCDHGC4/DSP/WNT4/PPP1CB/SCN1B/PCDHGB6/RELA/PCDHGA10/MAPK8/PKP2/CTNNA2/ADAM10/PCDHGA3/WNT2B/FZD5/CSNK1A1/WNT6/DVL3/NCKAP1/DSC2/KDR/CDH13/TEAD3/CIB2/GABRP/ACTB/KRT6B/TEAD1/PCDHGA12/FZD2/PCDHGA1/PCDHGA11/ACTR2/LHFPL6/KRT18/CDH19/PCDHGA2/PDGFRB/FZD7/DES/SCN3B/DAAM1/FGFR1/FZD6",86,FALSE
"Organismal Systems","Circulatory system","hsa04270","Vascular smooth muscle contraction","35/1448","134/9416",0.261194029850746,1.69848272449905,3.47141924473367,0.000846700985685095,0.00750134127968183,0.00609961954611202,"KCNMB1/ADCY3/GUCY1A2/ADCY7/MYLK/AGTR1/ROCK1/ITPR1/PRKCQ/PLA2G10/CACNA1C/PPP1R12B/PLA2G5/RAMP3/CALM2/PLA2G2A/PPP1CB/PLCB1/ARHGEF12/PLA2G12A/PLA2G4A/ITPR2/MYH11/AGT/PPP1R12A/CALM3/PLCB4/ACTA2/ACTG2/MYL9/RAMP2/NPR2/ADCY9/MYH9/MYL6B",35,FALSE
"Organismal Systems","Immune system","hsa04672","Intestinal immune network for IgA production","17/1448","50/9416",0.34,2.21093922651934,3.65973848984307,0.00085354535610216,0.00750134127968183,0.00609961954611202,"CCR10/CXCL12/HLA-DRB1/HLA-DRB3/HLA-DRB5/HLA-DRA/HLA-DPB1/HLA-DRB4/HLA-DQB1/PIGR/IL6/CD40/ITGA4/CXCR4/TGFB1/IL15/HLA-DPA1",17,FALSE
"Organismal Systems","Immune system","hsa04640","Hematopoietic cell lineage","28/1448","100/9416",0.28,1.82077348066298,3.51745343089601,0.000854346763505283,0.00750134127968183,0.00609961954611202,"CD24/CSF1/CSF1R/IL4R/CD34/CD44/IL1A/HLA-DRB1/IL1R1/HLA-DRB3/CD22/ITGA5/HLA-DRB5/CD1D/HLA-DRA/ITGA6/HLA-DPB1/IL11RA/HLA-DRB4/HLA-DQB1/IL6/MME/TFRC/ITGA4/CD37/FLT3LG/IL7/HLA-DPA1",28,FALSE
"Human Diseases","Infectious disease: bacterial","hsa05131","Shigellosis","58/1448","253/9416",0.229249011857708,1.49075186163824,3.37305290865386,0.00087373577405385,0.00750134127968183,0.00609961954611202,"PIK3R1/ATG5/FNBP1L/CHUK/ACTN1/C3/CASP4/PYCARD/CD44/TLR5/ROCK1/BAX/ITPR1/BCL10/ELMO1/PRKCQ/IL1R1/ARPC4/TLN1/BNIP3/ARPC3/HK2/PIK3CA/MAP3K7/ITGA5/ILK/TBK1/RPS6KB1/ACTR3/HCLS1/CAST/MAPK12/RIPK2/CRK/CYTH2/UBE2V2/PLCB1/PPID/ITPR2/RELA/MAPK8/MALT1/WASF2/UBE2N/PLCB4/CBX3/MYL9/UBE2D2/TNFRSF1A/RPS6KA5/ACTB/ATG12/ACTR2/AKT1/ATM/NAIP/GLMN/CYCS",58,FALSE
"Human Diseases","Infectious disease: viral","hsa05163","Human cytomegalovirus infection","53/1448","227/9416",0.233480176211454,1.51826611823691,3.36939091790861,0.000920417495402465,0.00755610085078775,0.00614414658971675,"PIK3R1/HLA-B/ADCY3/HLA-E/PPP3R1/CHUK/CXCL12/GNAI3/CREB5/ADCY7/FAS/PDIA3/ROCK1/BAX/ITPR1/GNG7/KRAS/IL1R1/CCND1/PIK3CA/TAP2/TBK1/RPS6KB1/E2F3/CX3CL1/CALM2/MAPK12/PTGER3/ITGAV/CRK/RB1/SOS2/CDK4/PLCB1/ARHGEF12/ITPR2/RELA/CREB3/CASP3/IL6/CALM3/PLCB4/MAP2K6/CXCR4/ATF2/NFATC1/TNFRSF1A/CREB1/ADCY9/CDKN1A/AKT1/SOS1/CYCS",53,TRUE
"Genetic Information Processing","Folding, sorting and degradation","hsa04141","Protein processing in endoplasmic reticulum","43/1448","175/9416",0.245714285714286,1.59782162588792,3.40291374487677,0.00092304641074964,0.00755610085078775,0.00614414658971675,"BCAP29/DNAJA1/SEC23B/UBXN4/HSP90AA1/PDIA3/BAX/OS9/EDEM3/HSP90B1/DNAJC3/WFS1/NSFL1C/SAR1B/UBE2J1/MAGT1/SEC62/PPP1R15A/NFE2L2/ATXN3/ERO1A/RAD23B/UBXN6/UGGT2/MAPK8/SEC24A/UBXN1/MARCHF6/MAN1C1/SEL1L/SEC63/LMAN1/SEC24B/UBE2D2/SEC24D/MAN1A2/EIF2AK3/HSPA5/DNAJC10/HSPH1/CRYAB/NGLY1/PLAA",43,FALSE
"Human Diseases","Cancer: specific types","hsa05215","Prostate cancer","29/1448","106/9416",0.273584905660377,1.77905764620035,3.43848763495921,0.00104425089945011,0.00835400719560088,0.00679295391034507,"PIK3R1/FOLR2/CCNE2/CHUK/PLAT/CREB5/PLAU/HSP90AA1/TCF7L1/KRAS/HSP90B1/BAD/CCND1/PIK3CA/NKX3-1/E2F3/RB1/SOS2/FOLH1/RELA/CREB3/PDGFB/PDGFA/CREB1/CDKN1A/AKT1/PDGFRB/FGFR1/SOS1",29,FALSE
"Environmental Information Processing","Signal transduction","hsa04022","cGMP-PKG signaling pathway","41/1448","166/9416",0.246987951807229,1.60610397390668,3.3585366315606,0.00107742054950934,0.00842782296505084,0.00685297625746422,"KCNMB1/ADCY3/GUCY1A2/PPP3R1/GNAI3/CREB5/ADCY7/MYLK/AGTR1/ROCK1/ITPR1/BAD/ADRB3/CACNA1C/ATP2B1/RGS2/CNGA1/PLN/CALM2/SRF/PDE2A/PPP1CB/PLCB1/NOS3/ITPR2/CREB3/ATP2A3/ATP1B2/PPP1R12A/CALM3/PLCB4/KCNJ8/MEF2C/MYL9/ATF2/NPR2/NFATC1/CREB1/ADCY9/AKT1/ATP1A2",41,FALSE
"Human Diseases","Infectious disease: bacterial","hsa05133","Pertussis","23/1448","78/9416",0.294871794871795,1.91748122963593,3.46846514763689,0.00112242330470223,0.00858897833163445,0.00698401767890131,"C1R/GNAI3/C3/C1S/PYCARD/IL1A/C2/C4B_2/C1QA/C1QB/ITGA5/FOS/CALM2/MAPK12/SERPING1/RELA/MAPK8/CASP3/IL6/CALM3/LY96/C4B/C4A",23,TRUE
"Organismal Systems","Endocrine system","hsa04927","Cortisol synthesis and secretion","20/1448","65/9416",0.307692307692308,2.00084997875053,3.45156784569126,0.00130059712543272,0.00974064230111317,0.00792047847929344,"ADCY3/CREB5/CACNA1H/ADCY7/AGTR1/ITPR1/SCARB1/NR4A1/CACNA1C/PLCB1/ITPR2/CREB3/AGT/PLCB4/ATF2/PDE8A/PBX1/CREB1/ADCY9/KCNK3",20,FALSE
"Organismal Systems","Immune system","hsa04610","Complement and coagulation cascades","25/1448","89/9416",0.280898876404494,1.82661866037619,3.34001948427154,0.0015054666550716,0.0110400888038584,0.00897710675305834,"C1R/PLAT/C3/PLAU/C1S/C7/C2/C4B_2/VWF/C1QA/C1QB/VSIG4/A2M/CD46/PROS1/F10/SERPIND1/SERPING1/PROCR/SERPINE1/CFH/THBD/CLU/C4B/C4A",25,FALSE
"Human Diseases","Immune disease","hsa05321","Inflammatory bowel disease","20/1448","66/9416",0.303030303030303,1.97053406998158,3.37284767803765,0.00160142680806579,0.0113323078278212,0.00921472090816111,"IL4R/IL1A/TLR5/HLA-DRB1/HLA-DRB3/HLA-DRB5/HLA-DRA/HLA-DPB1/MAF/RORA/IL18R1/RELA/HLA-DRB4/HLA-DQB1/TGFB3/IL6/NOD2/TGFB1/NFATC1/HLA-DPA1",20,FALSE
"Human Diseases","Drug resistance: antineoplastic","hsa01522","Endocrine resistance","27/1448","99/9416",0.272727272727273,1.77348066298343,3.2979858711819,0.00160970281645187,0.0113323078278212,0.00921472090816111,"PIK3R1/ADCY3/HBEGF/ADCY7/NOTCH3/BAX/KRAS/BAD/CCND1/PIK3CA/RPS6KB1/NOTCH4/FOS/E2F3/MAPK12/RB1/SOS2/CDK4/NCOA3/MED1/MAPK8/GPER1/MMP2/ADCY9/CDKN1A/AKT1/SOS1",27,FALSE
"Human Diseases","Cancer: specific types","hsa05214","Glioma","22/1448","76/9416",0.289473684210526,1.88237859842978,3.29236597205388,0.00185501889898684,0.0127480238707222,0.0103658922687301,"PIK3R1/BAX/KRAS/CCND1/PIK3CA/GADD45G/GADD45B/CAMK2G/E2F3/CALM2/RB1/SOS2/CDK4/PDGFB/CALM3/CAMK1/PDGFA/CAMK1G/CDKN1A/AKT1/PDGFRB/SOS1",22,FALSE
"Human Diseases","Infectious disease: bacterial","hsa05152","Tuberculosis","43/1448","181/9416",0.237569060773481,1.54485516315131,3.1551621881597,0.00188323079908396,0.0127480238707222,0.0103658922687301,"PPP3R1/FCGR2C/C3/IL1A/HLA-DRB1/BAX/RAB5A/BCL10/HLA-DRB3/BAD/LSP1/HSPD1/SPHK1/HLA-DRB5/FCGR2B/HLA-DRA/CAMK2G/CALM2/MAPK12/RIPK2/HLA-DPB1/ARHGEF12/RELA/HLA-DRB4/MAPK8/HLA-DQB1/TGFB3/CASP3/ATP6AP1/IL6/MALT1/CALM3/MRC2/NOD2/TGFB1/TNFRSF1A/CREB1/HLA-DPA1/EEA1/CD209/AKT1/CD74/CYCS",43,TRUE
"Environmental Information Processing","Signal transduction","hsa04350","TGF-beta signaling pathway","29/1448","110/9416",0.263636363636364,1.71436464088398,3.2125844203754,0.00194825898473307,0.0129393804269065,0.01052149140052,"BMP6/BMP4/E2F5/MICOS10-NBL1/ROCK1/BAMBI/CHRD/SMURF2/EMP3/FST/SMAD5/RPS6KB1/FMOD/INHBA/SMAD9/LEFTY2/HDAC2/GREM1/ZFYVE16/TGFB3/TFRC/NBL1/LTBP1/RBL1/TGFB1/LRRC32/BMPR1A/DCN/THBS1",29,FALSE
"Environmental Information Processing","Signal transduction","hsa04390","Hippo signaling pathway","38/1448","157/9416",0.24203821656051,1.57391702150121,3.09126808394473,0.00237258250813423,0.0154657230159861,0.0125757545065413,"GLI2/APC/BMP6/BMP4/YWHAB/FZD4/DLG1/PATJ/TCF7L1/WNT5A/CCND1/PRKCI/WWC1/MOB1A/YWHAZ/WNT4/PPP1CB/TGFB3/CTNNA2/WNT2B/FZD5/WNT6/DVL3/SERPINE1/TGFB1/BMPR1A/CCND2/LLGL2/CCN2/TEAD3/ACTB/TEAD1/CCND3/FZD2/BIRC3/FZD7/BIRC2/FZD6",38,FALSE
"Human Diseases","Cancer: specific types","hsa05210","Colorectal cancer","24/1448","87/9416",0.275862068965517,1.79386549819013,3.17109160468595,0.00241708685111838,0.0154693558471576,0.0125787084966606,"PIK3R1/APC/BAX/TCF7L1/KRAS/BAD/CCND1/PIK3CA/MSH2/GADD45G/GADD45B/RPS6KB1/FOS/SOS2/MAPK8/TGFB3/CASP3/TGFB1/RALA/APPL1/CDKN1A/AKT1/SOS1/CYCS",24,FALSE
"Cellular Processes","Cell growth and death","hsa04210","Apoptosis","34/1448","137/9416",0.248175182481752,1.61382425293382,3.08513036699413,0.00253650045035818,0.0159437171165371,0.0129644292848166,"PIK3R1/CHUK/FAS/LMNB1/BAX/ITPR1/PTPN13/KRAS/CTSZ/BAD/PIK3CA/GADD45G/GADD45B/SEPTIN4/SPTAN1/FOS/CTSF/CTSK/ITPR2/RELA/MAPK8/CASP3/LMNA/EIF2AK3/TNFRSF1A/NGF/ACTB/XIAP/BIRC3/AKT1/BIRC2/ATM/PARP4/CYCS",34,FALSE
"Cellular Processes","Cell motility","hsa04810","Regulation of actin cytoskeleton","52/1448","232/9416",0.224137931034483,1.45751571727948,3.00783392600046,0.00263327679153033,0.016261639133661,0.0132229434994732,"FGF9/PIK3R1/APC/ARHGEF4/ITGA8/CXCL12/ACTN1/MYLK/C7/ROCK1/MSN/ITGA7/PIP5K1B/KRAS/RRAS/IQGAP1/ARPC4/ARPC3/PIK3CA/ITGA5/PPP1R12B/ITGA6/ACTR3/ITGAV/IQGAP2/CRK/SOS2/PPP1CB/PAK5/ARHGEF12/MYH11/PDGFB/PPP1R12A/WASF2/PDGFA/PIKFYVE/ITGA4/NCKAP1/CXCR4/GSN/MYL9/EZR/ACTB/ITGB8/DIAPH2/ACTR2/AKT1/PDGFRB/FGFR1/SOS1/RDX/MYH9",52,FALSE
"Organismal Systems","Circulatory system","hsa04261","Adrenergic signaling in cardiomyocytes","37/1448","154/9416",0.24025974025974,1.56235201262826,2.9994111824707,0.00307441767516576,0.0186585348561784,0.0151719485445656,"ADCY3/GNAI3/CREB5/ADCY7/AGTR1/ACTC1/TPM1/CACNA1C/ATP2B1/PPP1R1A/PLN/PPP2R5C/CAMK2G/CALM2/PPP2R5E/MAPK12/PPP2R3C/POPDC2/PPP1CB/PLCB1/SCN1B/CREB3/ATP2A3/AGT/ATP1B2/CALM3/PLCB4/CACNA2D2/ATF2/CREB1/ADCY9/RPS6KA5/POPDC3/CACNB3/AKT1/ATP1A2/TPM2",37,FALSE
"Human Diseases","Endocrine and metabolic disease","hsa04931","Insulin resistance","28/1448","109/9416",0.256880733944954,1.67043438592934,3.00112754665327,0.00346490460933372,0.0206719732624656,0.0168091501862435,"PIK3R1/GFPT2/GFPT1/CREB5/ACACB/SLC27A2/PRKCQ/PYGB/PIK3CA/OGT/RPS6KB1/OGA/PPP1CB/SLC27A3/PTPRF/NOS3/RELA/PRKAB2/MAPK8/CREB3/AGT/IL6/PTPN11/TNFRSF1A/CREB1/SOCS3/AKT1/PYGM",28,FALSE
"Cellular Processes","Cell growth and death","hsa04115","p53 signaling pathway","21/1448","75/9416",0.28,1.82077348066298,3.04212490756953,0.00362043384764746,0.0212398785728651,0.0172709351127654,"CCNE2/ATR/FAS/RRM2/BAX/PERP/CCND1/GADD45G/GADD45B/CDK4/SIAH1/CASP3/SERPINE1/CCNG1/CCND2/THBS1/CDK1/CDKN1A/CCND3/ATM/CYCS",21,FALSE
"Organismal Systems","Endocrine system","hsa04926","Relaxin signaling pathway","32/1448","130/9416",0.246153846153846,1.60067998300043,2.93981686282271,0.00382227116843923,0.0220563844473871,0.0179348664026588,"PIK3R1/ADCY3/GNAI3/CREB5/ADCY7/GNG7/KRAS/PIK3CA/VEGFD/VEGFB/FOS/MAPK12/SOS2/PLCB1/NOS3/RELA/MAPK8/CREB3/PLCB4/COL4A2/ACTA2/COL4A4/COL4A1/TGFB1/ATF2/MMP2/CREB1/ADCY9/COL1A2/COL1A1/AKT1/SOS1",32,FALSE
"Human Diseases","Immune disease","hsa05323","Rheumatoid arthritis","25/1448","95/9416",0.263157894736842,1.7112532712998,2.97012416984942,0.00395973705248781,0.0223050924156512,0.0181371001003319,"CSF1/CXCL12/IL1A/HLA-DRB1/ATP6V1C1/ATP6V1D/HLA-DRB3/HLA-DRB5/ATP6V1F/HLA-DRA/FOS/HLA-DPB1/CTSK/TEK/HLA-DRB4/HLA-DQB1/TGFB3/ATP6AP1/IL6/ATP6V1A/TGFB1/IL15/ICAM1/FLT1/HLA-DPA1",25,TRUE
"Human Diseases","Cardiovascular disease","hsa05414","Dilated cardiomyopathy","27/1448","105/9416",0.257142857142857,1.67213891081294,2.95240073309625,0.00399210460848302,0.0223050924156512,0.0181371001003319,"ADCY3/ITGA8/ADCY7/ACTC1/ITGA7/SGCG/TPM1/CACNA1C/ITGA5/PLN/ITGA6/ITGAV/SNTA1/TGFB3/ATP2A3/AGT/LMNA/SGCA/ITGA4/TGFB1/CACNA2D2/ADCY9/ACTB/ITGB8/CACNB3/DES/TPM2",27,FALSE
"Cellular Processes","Transport and catabolism","hsa04145","Phagocytosis","56/1448","259/9416",0.216216216216216,1.40600268777064,2.82437243326892,0.00423202004876092,0.0228630354703261,0.0185907843462587,"PIK3R1/HLA-B/ATG5/HLA-E/TUBB2B/VAMP2/FCGR2C/C3/HLA-DRB1/RAB5A/ATP6V1C1/STX18/SCARB1/BPI/ACTR1A/ATP6V1D/HLA-DRB3/COLEC12/PIK3CA/ITGA5/HLA-DRB5/FCGR2B/ATP6V1F/TAP2/HLA-DRA/ATG3/DNM1/FCN1/DYNC1I1/TUBB6/ITGAV/HLA-DPB1/NCF1/CTSK/DYNLT3/NCF4/HLA-DRB4/DYNC2LI1/HLA-DQB1/ATP6AP1/ATP6V1A/COMP/PIKFYVE/GAPVD1/MRC2/THBS4/CTSG/RAB27A/THBS2/HLA-DPA1/DCTN1/THBS1/ACTB/EEA1/ATG12/CD209",56,FALSE
"Human Diseases","Infectious disease: viral","hsa05162","Measles","33/1448","136/9416",0.242647058823529,1.57787617809555,2.89367690625774,0.00425014950609031,0.0228630354703261,0.0185907843462587,"PIK3R1/CCNE2/CHUK/FAS/IL1A/MSN/BAX/MX1/BAD/CCND1/PIK3CA/MAP3K7/FCGR2B/CD46/TBK1/FOS/CDK4/TNFAIP3/RELA/MAPK8/EIF2AK2/CASP3/IL6/CCND2/STAT5B/IFIH1/RIGI/CCND3/OAS1/CD209/AKT1/MX2/CYCS",33,TRUE
"Environmental Information Processing","Signal transduction","hsa04310","Wnt signaling pathway","41/1448","178/9416",0.230337078651685,1.49782730150847,2.85837702738709,0.00428681915068614,0.0228630354703261,0.0185907843462587,"APC/CELSR1/PPP3R1/SFRP1/FZD4/WIF1/FRZB/FRAT1/BAMBI/TCF7L1/ROR2/WNT5A/CCN4/CCND1/MAP3K7/SERPINF1/CACYBP/CTBP2/LGR4/CAMK2G/WNT4/PLCB1/NLK/SIAH1/MAPK8/WNT2B/FZD5/CSNK1A1/WNT6/PLCB4/DVL3/CCND2/NFATC1/TLE3/SIRT1/CCND3/FZD2/FZD7/DAAM1/TLE2/FZD6",41,FALSE
"Human Diseases","Cancer: overview","hsa05203","Viral carcinogenesis","46/1448","205/9416",0.224390243902439,1.45915644791807,2.83337467132923,0.0043985381099365,0.0230738917089876,0.0187622393950036,"PIK3R1/EGR2/HLA-B/EGR3/HLA-E/CCNE2/YWHAB/CCNA2/HDAC5/CREB5/ACTN1/C3/DLG1/BAX/UBE3A/RBL2/KRAS/DDX3X/BAD/CCND1/PIK3CA/GTF2H2/YWHAZ/SRF/REL/RB1/CDK4/GTF2H2C/HDAC2/RELA/CREB3/EIF2AK2/IL6ST/CASP3/GTF2H2C_2/RBL1/KAT2B/GSN/MAD1L1/CCND2/STAT5B/ATF2/CREB1/CDK1/CDKN1A/CCND3",46,FALSE
"Human Diseases","Cardiovascular disease","hsa05412","Arrhythmogenic right ventricular cardiomyopathy","23/1448","86/9416",0.267441860465116,1.73911088269305,2.93520055617201,0.00450084449208654,0.0230738917089876,0.0187622393950036,"ITGA8/ITGA7/TCF7L1/SGCG/CACNA1C/ITGA5/DSG2/ITGA6/ITGAV/DSP/SNTA1/PKP2/CTNNA2/ATP2A3/LMNA/SGCA/ITGA4/DSC2/CACNA2D2/ACTB/ITGB8/CACNB3/DES",23,FALSE
"Organismal Systems","Immune system","hsa04670","Leukocyte transendothelial migration","29/1448","116/9416",0.25,1.62569060773481,2.89045981922394,0.00452300718159133,0.0230738917089876,0.0187622393950036,"PIK3R1/CXCL12/GNAI3/ACTN1/CDH5/JAM3/ROCK1/MSN/OCLN/CLDN8/THY1/CLDN5/JAM2/PIK3CA/CLDN7/MAPK12/NCF1/NCF4/ARHGAP5/CTNNA2/ITGA4/CXCR4/MYL9/PTPN11/MMP2/ICAM1/EZR/ACTB/PECAM1",29,FALSE
"Human Diseases","Endocrine and metabolic disease","hsa04940","Type I diabetes mellitus","14/1448","44/9416",0.318181818181818,2.06906077348066,3.02992845107398,0.00476507896537048,0.0239615399401487,0.0194840191806436,"HLA-B/HLA-E/FAS/IL1A/HLA-DRB1/HLA-DRB3/HSPD1/HLA-DRB5/HLA-DRA/HLA-DPB1/HLA-DRB4/HLA-DQB1/CPE/HLA-DPA1",14,FALSE
"Human Diseases","Cancer: overview","hsa05202","Transcriptional misregulation in cancer","45/1448","201/9416",0.223880597014925,1.4558423352849,2.78474091730587,0.00502956111487259,0.0248211401105394,0.020182992045051,"HPGD/MLLT3/CSF1R/CCNA2/PLAT/PLAU/NGFR/BAX/BMP2K/PAX8/MLF1/SS18L1/TFE3/EWSR1/CCNT2/DDX5/RARA/GADD45G/GADD45B/KDM6A/KMT2A/MAF/REL/NUPR1/TAF15/HDAC2/TSPAN7/RELA/NR4A3/IL6/CD40/PDGFA/PBX3/MEF2C/JMJD1C/CCND2/PBX1/FLT1/PML/CDKN1A/LYL1/BIRC3/FUS/BIRC2/ATM",45,FALSE
"Organismal Systems","Endocrine system","hsa04935","Growth hormone synthesis, secretion and action","30/1448","122/9416",0.245901639344262,1.59903994203424,2.83892645819677,0.0050770513862467,0.0248211401105394,0.020182992045051,"PIK3R1/ADCY3/SOCS1/GNAI3/CREB5/ADCY7/ITPR1/KRAS/MAP3K1/PIK3CA/CACNA1C/GHR/FOS/MAPK12/CRK/SOS2/PLCB1/ITPR2/MAPK8/CREB3/PLCB4/MAP2K6/JUNB/STAT5B/ATF2/CREB1/ADCY9/SOCS3/AKT1/SOS1",30,FALSE
"Human Diseases","Cancer: specific types","hsa05217","Basal cell carcinoma","18/1448","63/9416",0.285714285714286,1.85793212312549,2.91251061687691,0.00539851205943054,0.0260311814372541,0.0211669216454845,"GLI2/APC/BMP4/FZD4/BAX/TCF7L1/WNT5A/GADD45G/GADD45B/WNT4/WNT2B/FZD5/WNT6/DVL3/CDKN1A/FZD2/FZD7/FZD6",18,FALSE
"Human Diseases","Infectious disease: parasitic","hsa05144","Malaria","15/1448","50/9416",0.3,1.95082872928177,2.87362439137691,0.00654081181317465,0.0311130507869929,0.0252991785927073,"SELP/ACKR1/TGFB3/IL6/CD40/COMP/TGFB1/THBS4/ICAM1/THBS2/THBS1/LRP1/GYPC/PECAM1/HGF",15,TRUE
"Environmental Information Processing","Signal transduction","hsa04371","Apelin signaling pathway","33/1448","140/9416",0.235714285714286,1.53279400157853,2.70746440064941,0.00678895903941033,0.0318628477582992,0.0259088663926989,"ADCY3/PLAT/HDAC5/GNAI3/ADCY7/MYLK/NOTCH3/AGTR1/ITPR1/GNG7/KRAS/RRAS/CCND1/APLNR/SPHK1/RPS6KB1/CALM2/TFAM/PLCB1/PLIN1/NOS3/ITPR2/PRKAB2/EGR1/CALM3/PLCB4/ACTA2/MEF2C/SERPINE1/KLF2/CCN2/ADCY9/AKT1",33,FALSE
"Human Diseases","Infectious disease: viral","hsa05160","Hepatitis C","36/1448","156/9416",0.230769230769231,1.5006374840629,2.68781856616153,0.00691684261664957,0.0320359026455348,0.0260495837568844,"PIK3R1/CXCL10/CHUK/YWHAB/FAS/BAX/MX1/OCLN/KRAS/SCARB1/CLDN8/BAD/CCND1/CLDN5/PIK3CA/CLDN7/TBK1/E2F3/YWHAZ/RB1/SOS2/CDK4/RELA/EIF2AK2/CASP3/TLR3/PIAS1/TNFRSF1A/SOCS3/RIGI/CDKN1A/OAS1/AKT1/MX2/SOS1/CYCS",36,TRUE
"Human Diseases","Cardiovascular disease","hsa05410","Hypertrophic cardiomyopathy","25/1448","99/9416",0.252525252525253,1.64211172498465,2.7378517629018,0.00700847244254998,0.0320387311659428,0.0260518837320119,"ITGA8/ACTC1/ITGA7/SGCG/TPM1/CACNA1C/ITGA5/ITGA6/ITGAV/PRKAB2/SNTA1/TGFB3/ATP2A3/AGT/IL6/LMNA/SGCA/ITGA4/TGFB1/CACNA2D2/ACTB/ITGB8/CACNB3/DES/TPM2",25,FALSE
"Organismal Systems","Aging","hsa04211","Longevity regulating pathway","23/1448","90/9416",0.255555555555556,1.66181706568447,2.68925070587521,0.00813780745670981,0.0367244644200237,0.0298620276887833,"PIK3R1/ATG5/ADCY3/CREB5/ADCY7/BAX/KRAS/EHMT2/PIK3CA/RPS6KB1/ATG101/RELA/PRKAB2/CREB3/ADIPOQ/EIF4E/APPL1/ATF2/CREB1/ADCY9/SIRT1/AKT1/RB1CC1",23,FALSE
"Human Diseases","Infectious disease: viral","hsa05167","Kaposi sarcoma-associated herpesvirus infection","43/1448","196/9416",0.219387755102041,1.42662645168565,2.57294281927668,0.00869073349012325,0.0387232682091568,0.0314873293790373,"PIK3R1/HLA-B/HLA-E/PPP3R1/CHUK/C3/FAS/HIF1A/BAX/ITPR1/GNG7/TCF7L1/KRAS/CCND1/PIK3CA/TBK1/ATG3/ANGPT2/FOS/E2F3/CALM2/MAPK12/RB1/CDK4/ITPR2/RELA/MAPK8/EIF2AK2/IL6ST/CASP3/PDGFB/IL6/TLR3/CALM3/MAP2K6/NFATC1/TNFRSF1A/ICAM1/CREB1/ZFP36/CDKN1A/AKT1/CYCS",43,TRUE
"Environmental Information Processing","Signal transduction","hsa04068","FoxO signaling pathway","31/1448","133/9416",0.233082706766917,1.51568146886553,2.55318891883835,0.0100509393928868,0.0442241333287018,0.0359602873678419,"PIK3R1/SGK3/CHUK/DEPP1/RBL2/KRAS/PLK4/C8orf44-SGK3/BNIP3/CCND1/PIK3CA/S1PR1/GADD45G/GADD45B/MAPK12/SOS2/HOMER3/NLK/PRKAB2/MAPK8/TGFB3/IL6/TGFB1/KLF2/CCND2/SIRT1/CDKN1A/ATG12/AKT1/ATM/SOS1",31,FALSE
"Organismal Systems","Digestive system","hsa04972","Pancreatic secretion","25/1448","102/9416",0.245098039215686,1.59381432130863,2.57041008771434,0.010388200677483,0.0451437856601729,0.0367080908775772,"ADCY3/ADCY7/AMY2A/ITPR1/AMY2B/PLA2G10/CPB1/ATP2B1/PLA2G5/PLA2G2A/PLCB1/PLA2G12A/ITPR2/SLC12A2/CPA3/ATP2A3/ATP1B2/AMY1C/PLCB4/CA2/AMY1B/ADCY9/AMY1A/RAB11A/ATP1A2",25,FALSE
"Organismal Systems","Endocrine system","hsa04915","Estrogen signaling pathway","32/1448","139/9416",0.23021582733813,1.49703883302198,2.51659728173227,0.0108436173501522,0.0456826316381202,0.0371462465802559,"PIK3R1/ADCY3/HBEGF/GNAI3/CREB5/ADCY7/HSP90AA1/ITPR1/KRAS/HSP90B1/NCOA2/PIK3CA/RARA/FOS/CALM2/SOS2/PLCB1/NOS3/NCOA3/ITPR2/CREB3/CALM3/PLCB4/GPER1/EBAG9/ATF2/MMP2/CREB1/ADCY9/AKT1/KRT18/SOS1",32,FALSE
"Human Diseases","Cancer: specific types","hsa05212","Pancreatic cancer","20/1448","77/9416",0.25974025974026,1.68902920284136,2.58793035174443,0.0108704641727045,0.0456826316381202,0.0371462465802559,"PIK3R1/CHUK/BAX/KRAS/BAD/CCND1/PIK3CA/GADD45G/GADD45B/RPS6KB1/E2F3/RB1/CDK4/RELA/MAPK8/TGFB3/TGFB1/RALA/CDKN1A/AKT1",20,FALSE
"Environmental Information Processing","Signal transduction","hsa04020","Calcium signaling pathway","53/1448","254/9416",0.208661417322835,1.35687562535346,2.45786701660171,0.0109015370954605,0.0456826316381202,0.0371462465802559,"FGF9/ADCY3/PTGFR/PPP3R1/CACNA1H/ADCY7/MYLK/AGTR1/ITPKB/TBXA2R/ITPR1/PHKB/ADRB3/PDE1A/CACNA1C/ATP2B1/SPHK1/PLN/VEGFD/VEGFB/CAMK2G/TNNC2/CALM2/CACNA1A/PTGER3/TACR2/PLCB1/NOS3/ITPR2/ATP2A3/PDGFB/CALM3/PLCB4/CAMK1/PDGFA/CXCR4/ERBB3/KDR/CASQ2/NTRK2/MCOLN3/OXTR/NFATC1/CAMK1G/ADCY9/GNA14/FLT1/NGF/PDGFRB/ERBB4/FGFR1/HGF/GNAL",53,FALSE
"Human Diseases","Cancer: specific types","hsa05226","Gastric cancer","34/1448","150/9416",0.226666666666667,1.47395948434622,2.49436773544782,0.0112172041345617,0.0464524218278321,0.0377721916096188,"FGF9/PIK3R1/APC/CCNE2/FZD4/FRAT1/BAX/TCF7L1/KRAS/WNT5A/CCND1/PIK3CA/GADD45G/GADD45B/RPS6KB1/E2F3/RB1/SOS2/WNT4/TGFB3/CTNNA2/WNT2B/FZD5/CSNK1A1/WNT6/DVL3/TGFB1/CDKN1A/FZD2/AKT1/FZD7/SOS1/HGF/FZD6",34,FALSE
"Environmental Information Processing","Signal transduction","hsa04014","Ras signaling pathway","50/1448","238/9416",0.210084033613445,1.36612656112169,2.43873981543453,0.0115690043966708,0.0468285952742727,0.0380780722276428,"FGF9/PIK3R1/RALGAPA1/CSF1/CSF1R/CHUK/NGFR/RASA1/ABL1/PGF/RAB5A/GNG7/KRAS/RRAS/PLA2G10/BAD/PIK3CA/VEGFD/TBK1/VEGFB/PLA2G5/ANGPT2/CALM2/PLA2G2A/REL/SOS2/PAK5/TEK/PLA2G12A/PLA2G4A/RELA/MAPK8/PDGFB/CALM3/PDGFA/RALA/PTPN11/KDR/FLT3LG/NTRK2/IGF2/FLT1/NGF/GAB2/AKT1/PDGFRB/FGFR1/SOS1/PLA1A/HGF",50,FALSE
"Human Diseases","Immune disease","hsa05330","Allograft rejection","12/1448","39/9416",0.307692307692308,2.00084997875053,2.66986382026245,0.011574113036539,0.0468285952742727,0.0380780722276428,"HLA-B/HLA-E/FAS/HLA-DRB1/HLA-DRB3/HLA-DRB5/HLA-DRA/HLA-DPB1/HLA-DRB4/HLA-DQB1/CD40/HLA-DPA1",12,FALSE
"Human Diseases","Cardiovascular disease","hsa05417","Lipid and atherosclerosis","46/1448","216/9416",0.212962962962963,1.38484755473706,2.43916665194419,0.0117881414890331,0.0471525659561324,0.0383415048365271,"PIK3R1/PPP3R1/CHUK/CYP2J2/FAS/HSP90AA1/PYCARD/SELP/BAX/ITPR1/KRAS/HSP90B1/BAD/HSPD1/HSPA4/PIK3CA/MAP3K7/TBK1/NFE2L2/CAMK2G/FOS/CALM2/CYP2C8/MAPK12/ERO1A/NCF1/PLCB1/NOS3/NCF4/RELA/MAPK8/CASP3/IL6/CD40/CALM3/PLCB4/MAP2K6/TANK/EIF2AK3/NFATC1/TNFRSF1A/ICAM1/HSPA5/AKT1/LY96/CYCS",46,FALSE
"Organismal Systems","Immune system","hsa04666","Fc gamma R-mediated phagosome formation","24/1448","98/9416",0.244897959183673,1.59251324839328,2.51344583545605,0.0120036384523993,0.0474750644409501,0.0386037403472502,"PIK3R1/PIP5K1B/ARPC4/ARPC3/AMPH/PIK3CA/SPHK1/BIN1/FCGR2B/RPS6KB1/PLPP3/ACTR3/NCF1/CRK/PLA2G4A/INPP5D/PTPRC/WASF2/ASAP3/GSN/ACTR2/GAB2/AKT1/MYO10",24,FALSE
"Organismal Systems","Endocrine system","hsa04912","GnRH signaling pathway","23/1448","93/9416",0.247311827956989,1.60821006356562,2.51267902458505,0.0122068913039931,0.0475656697390511,0.038677414884466,"ADCY3/HBEGF/MAPK7/ADCY7/ITPR1/KRAS/MAP3K1/CACNA1C/CAMK2G/CALM2/MAPK12/SOS2/PLCB1/PLA2G4A/ITPR2/EGR1/MAPK8/CALM3/PLCB4/MAP2K6/MMP2/ADCY9/SOS1",23,FALSE
"Cellular Processes","Transport and catabolism","hsa04144","Endocytosis","52/1448","250/9416",0.208,1.35257458563536,2.40852335783705,0.0123228017184311,0.0475656697390511,0.038677414884466,"RAB11FIP1/EHD3/ARFGEF2/HLA-B/ARFGEF1/HLA-E/FOLR2/VPS4B/RAB11FIP2/RAB5A/AP2M1/PIP5K1B/KIF5B/CAPZA1/ARPC4/SMURF2/ARPC3/AMPH/SNX2/GRK5/PRKCI/BIN1/ARF3/CAPZB/DNM1/ACTR3/WASHC4/CYTH2/STAM2/EHD1/ZFYVE16/CLTB/CHMP5/TFRC/CAV1/ASAP3/SH3GL2/EPS15/CXCR4/ARFGAP3/ITCH/WWP1/CAPZA2/PML/IQSEC3/SNX4/EEA1/ACTR2/RAB11FIP5/ARAP2/EHD2/RAB11A",52,FALSE
"Human Diseases","Infectious disease: parasitic","hsa05140","Leishmaniasis","20/1448","78/9416",0.256410256410256,1.66737498229211,2.52295828155908,0.0125649198432159,0.0475656697390511,0.038677414884466,"FCGR2C/C3/IL1A/HLA-DRB1/HLA-DRB3/MAP3K7/HLA-DRB5/HLA-DRA/FOS/MAPK12/HLA-DPB1/NCF1/NCF4/RELA/HLA-DRB4/HLA-DQB1/TGFB3/ITGA4/TGFB1/HLA-DPA1",20,TRUE
"Human Diseases","Cancer: specific types","hsa05218","Melanoma","19/1448","73/9416",0.26027397260274,1.6924998107924,2.53196498302998,0.012567066152647,0.0475656697390511,0.038677414884466,"FGF9/PIK3R1/BAX/KRAS/BAD/CCND1/PIK3CA/GADD45G/GADD45B/E2F3/RB1/CDK4/PDGFB/PDGFA/CDKN1A/AKT1/PDGFRB/FGFR1/HGF",19,FALSE
"Organismal Systems","Immune system","hsa04659","Th17 cell differentiation","26/1448","109/9416",0.238532110091743,1.55111764407725,2.46701896233167,0.0129759007095221,0.0485906069122531,0.0395108294142292,"PPP3R1/CHUK/IL4R/HIF1A/HSP90AA1/HLA-DRB1/PRKCQ/IL1R1/HLA-DRB3/HLA-DRB5/RARA/HLA-DRA/FOS/MAPK12/HLA-DPB1/RORA/RELA/HLA-DRB4/MAPK8/HLA-DQB1/IL6ST/IL6/TGFB1/STAT5B/NFATC1/HLA-DPA1",26,FALSE
